{"cameraMode":{"drawMode":0,"name":"Shaded","section":"Shading Mode"},"sceneLighting":false,"audioPlay":false,"sceneViewState":{"m_AlwaysRefresh":false,"showFog":true,"showSkybox":false,"showFlares":true,"showImageEffects":true,"showParticleSystems":true,"showVisualEffectGraphs":true,"m_FxEnabled":true},"in2DMode":false,"pivot":{"x":-11.053999900817871,"y":0.7138001918792725,"z":-2.305999994277954},"rotation":{"x":-0.005194271914660931,"y":-0.9921481013298035,"z":0.11692550033330918,"w":-0.0440734326839447},"size":1.0957462787628174,"orthographic":false}