{"cameraMode":{"drawMode":0,"name":"Shaded","section":"Shading Mode"},"sceneLighting":false,"audioPlay":false,"sceneViewState":{"m_AlwaysRefresh":true,"showFog":true,"showSkybox":false,"showFlares":true,"showImageEffects":true,"showParticleSystems":true,"showVisualEffectGraphs":true,"m_FxEnabled":true},"in2DMode":false,"pivot":{"x":-10.000096321105957,"y":0.19965779781341554,"z":3.274132013320923},"rotation":{"x":0.2199857383966446,"y":0.04211191460490227,"z":-0.009524738416075707,"w":0.9745959043502808},"size":2.0089478492736818,"orthographic":true}